훑쳔꿴璂,듐샌늴鑒,嵐刻,듐샌쪽,탤츰
word checker,0,20,0%,82.5
answer book online,0,12,0%,13.92
online tool,0,7,0%,79.29
book of answers online,0,6,0%,48
tool online,0,4,0%,54.25
bing wallpaper download,0,4,0%,61.75
toolbox ia,0,3,0%,3.33
lanzar una moneda,0,3,0%,55.33
online toolbox,0,3,0%,60
word count tool,0,3,0%,63
lanzar moneda virtual,0,2,0%,31.5
online book of answers,0,2,0%,32
lanza una moneda,0,2,0%,44.5
lanzar moneda,0,2,0%,46
free tool online,0,2,0%,48.5
word counter tool,0,2,0%,71
calculate words,0,2,0%,71.5
free online tool,0,2,0%,74
virtual coin flip,0,2,0%,85.5
b&w to color,0,2,0%,90.5
calculadora menstrual para saber si estoy embarazada,0,2,0%,96
ai tool box,0,1,0%,6
online answer book,0,1,0%,6
tool box ai,0,1,0%,8
toolbox online,0,1,0%,8
moneda si o no online,0,1,0%,11
moneda al aire online,0,1,0%,28
lanzar moneda google,0,1,0%,29
google tira una moneda,0,1,0%,31
tira una moneda,0,1,0%,32
tip hesaplama,0,1,0%,33
tØrame una moneda,0,1,0%,33
bing wallpaper hd,0,1,0%,37
cara y sello virtual,0,1,0%,37
volado virtual,0,1,0%,37
moneda virtual,0,1,0%,38
moneda virtual cara o cruz,0,1,0%,39
lanza una moneda google,0,1,0%,40
tool-online,0,1,0%,40
food randomizer,0,1,0%,41
book of answer online,0,1,0%,42
toolbox free,0,1,0%,44
moneda azar,0,1,0%,46
book answers online,0,1,0%,47
bing desktop wallpapers,0,1,0%,48
bing wallpaper of the day,0,1,0%,48
moneda lanzar,0,1,0%,49
tools online,0,1,0%,49
tip hesaplama tablosu,0,1,0%,51
moneda online,0,1,0%,53
bing desktop wallpaper,0,1,0%,56
randomizer food,0,1,0%,59
random food selector,0,1,0%,60
convertir imagen a base64,0,1,0%,64
count my words,0,1,0%,65
download bing wallpaper,0,1,0%,65
tools online tools,0,1,0%,65
choose your answer,0,1,0%,66
word count box,0,1,0%,67
word number checker,0,1,0%,67
articles maker,0,1,0%,68
world counter,0,1,0%,68
tip pooling calculator free,0,1,0%,72
word count checker,0,1,0%,72
word online word count,0,1,0%,73
food generator,0,1,0%,74
foto base 64,0,1,0%,74
imagen en base64,0,1,0%,75
tip split calculator,0,1,0%,75
calculadora de interes de prestamo,0,1,0%,76
color online hex,0,1,0%,76
world count,0,1,0%,76
ai image describer,0,1,0%,77
heads and tails online,0,1,0%,77
online word checker,0,1,0%,77
answer book,0,1,0%,79
fecha de ㉡ltima menstruaciŦn calculadora,0,1,0%,79
free toolbox,0,1,0%,80
imagenes en base 64,0,1,0%,80
calculadora de prestamos,0,1,0%,81
describe images ai,0,1,0%,82
virtual coin flipping,0,1,0%,82
word tool count,0,1,0%,82
image describer,0,1,0%,83
word court,0,1,0%,83
prestamo calculadora,0,1,0%,85
toolbox ai,0,1,0%,86
b&w photo to color,0,1,0%,87
words check,0,1,0%,87
word counter,0,1,0%,89
word total,0,1,0%,89
describe a photo ai,0,1,0%,90
photo description ai,0,1,0%,90
ai describe image,0,1,0%,92
how to count words in word,0,1,0%,92
ai photo description,0,1,0%,93
bw to color,0,1,0%,94
ai images description,0,1,0%,96
calculadora de prestamo,0,1,0%,96
